id,title,furthest_stage,target,status,notes
WDC-001,Initiative 01 — direct assistance pilot (region 1),Sustained,2026-Q4,active,Humanitarian pipeline; criteria in EVIDENCE.md
WDC-002,Initiative 02 — direct assistance pilot (region 2),Sustained,2026-Q4,active,Humanitarian pipeline; criteria in EVIDENCE.md
WDC-003,Initiative 03 — direct assistance pilot (region 3),Sustained,2026-Q4,active,Humanitarian pipeline; criteria in EVIDENCE.md
WDC-004,Initiative 04 — direct assistance pilot (region 4),Sustained,2026-Q4,active,Humanitarian pipeline; criteria in EVIDENCE.md
WDC-005,Initiative 05 — direct assistance pilot (region 5),Sustained,2026-Q4,active,Humanitarian pipeline; criteria in EVIDENCE.md
WDC-006,Initiative 06 — direct assistance pilot (region 1),Sustained,2026-Q4,active,Humanitarian pipeline; criteria in EVIDENCE.md
WDC-007,Initiative 07 — direct assistance pilot (region 2),Sustained,2026-Q4,active,Humanitarian pipeline; criteria in EVIDENCE.md
WDC-008,Initiative 08 — direct assistance pilot (region 3),Sustained,2026-Q4,active,Humanitarian pipeline; criteria in EVIDENCE.md
WDC-009,Initiative 09 — direct assistance pilot (region 4),Deployment,2026-Q4,active,Humanitarian pipeline; criteria in EVIDENCE.md
WDC-010,Initiative 10 — direct assistance pilot (region 5),Deployment,2026-Q4,active,Humanitarian pipeline; criteria in EVIDENCE.md
WDC-011,Initiative 11 — direct assistance pilot (region 1),Deployment,2026-Q4,active,Humanitarian pipeline; criteria in EVIDENCE.md
WDC-012,Initiative 12 — direct assistance pilot (region 2),Deployment,2026-Q4,active,Humanitarian pipeline; criteria in EVIDENCE.md
WDC-013,Initiative 13 — direct assistance pilot (region 3),Mobilization,2027-H1,active,Humanitarian pipeline; criteria in EVIDENCE.md
WDC-014,Initiative 14 — direct assistance pilot (region 4),Mobilization,2027-H1,active,Humanitarian pipeline; criteria in EVIDENCE.md
WDC-015,Initiative 15 — direct assistance pilot (region 5),Mobilization,2027-H1,active,Humanitarian pipeline; criteria in EVIDENCE.md
WDC-016,Initiative 16 — direct assistance pilot (region 1),Mobilization,2027-H1,active,Humanitarian pipeline; criteria in EVIDENCE.md
WDC-017,Initiative 17 — direct assistance pilot (region 2),Mobilization,2027-H1,active,Humanitarian pipeline; criteria in EVIDENCE.md
WDC-018,Initiative 18 — direct assistance pilot (region 3),Mobilization,2027-H1,active,Humanitarian pipeline; criteria in EVIDENCE.md
WDC-019,Initiative 19 — direct assistance pilot (region 4),Assessment,2027-H1,open,Humanitarian pipeline; criteria in EVIDENCE.md
WDC-020,Initiative 20 — direct assistance pilot (region 5),Assessment,2027-H1,open,Humanitarian pipeline; criteria in EVIDENCE.md
WDC-021,Initiative 21 — direct assistance pilot (region 1),Assessment,2027-H1,open,Humanitarian pipeline; criteria in EVIDENCE.md
WDC-022,Initiative 22 — direct assistance pilot (region 2),Assessment,2027-H1,open,Humanitarian pipeline; criteria in EVIDENCE.md
WDC-023,Initiative 23 — direct assistance pilot (region 3),Assessment,2027-H1,open,Humanitarian pipeline; criteria in EVIDENCE.md
WDC-024,Initiative 24 — direct assistance pilot (region 4),Assessment,2027-H1,open,Humanitarian pipeline; criteria in EVIDENCE.md
WDC-025,Initiative 25 — direct assistance pilot (region 5),Signal,2027-H1,open,Humanitarian pipeline; criteria in EVIDENCE.md
WDC-026,Initiative 26 — direct assistance pilot (region 1),Signal,2027-H1,open,Humanitarian pipeline; criteria in EVIDENCE.md
WDC-027,Initiative 27 — direct assistance pilot (region 2),Signal,2027-H1,open,Humanitarian pipeline; criteria in EVIDENCE.md
WDC-028,Initiative 28 — direct assistance pilot (region 3),Signal,2027-H1,open,Humanitarian pipeline; criteria in EVIDENCE.md
WDC-029,Initiative 29 — direct assistance pilot (region 4),Signal,2027-H1,open,Humanitarian pipeline; criteria in EVIDENCE.md
WDC-030,Initiative 30 — direct assistance pilot (region 5),Signal,2027-H1,open,Humanitarian pipeline; criteria in EVIDENCE.md
